Persistent,BVW Counseling
Physical Education,Health Wellness (online)-Haggerty-SU
Persistent,BVW Library 2022-2023
Persistent,PRMS Counseling
Activity,Sources of Strength
Math,1. Advanced Math O'Neal-Q4
Arts,6th Grade Band
Math,2021 Advanced Integrated Mathematics 7-O'Neal-Q3
Activity,2021 Summer Band
Math,Advanced Integrated Mathematics 6-White-Q1
Math,Advanced Integrated Mathematics 6-White-Q2
Math,Advanced Integrated Mathematics 6-White-Q3
Math,Advanced Integrated Mathematics 6-White-Q4
Math,Advanced Integrated Mathematics 7-Mitchem-Q1
Persistent,Advisory -9th Grade-Hoyt-YR
Math,Algebra 1 Qtr 1-Fleer-Q1
Math,Algebra 1 Qtr 2-Fleer-Q2
Math,Algebra 1 Qtr 3-Fleer-Q3
Math,Algebra 1 Qtr 4-Fleer-Q4
Arts,Art 6 (Q2)
Arts,Band 6 Quarter 4-Gamble-Q4
Arts,Band 6-Gamble-Q1
Arts,Band 6-Q3
Arts,Band 7 Quarter 3-Gamble-Q3
Arts,Band 7 Quarter 4-Gamble-Q4
Arts,Band 8 Quarter 1-Gamble-Q1
Arts,Band 8 Quarter 2-Gamble-Q2
Arts,Band 8 Quarter 3-Gamble-Q3
Arts,Band 8 Quarter 4-Gamble-Q4
Arts,CHE 5th Grade Art
Language,E.L.A. 7 Q3-Kennedy
English,ELA 7 Q2 Virtual
English,ELA Q4 Kennedy
Arts,Elementary Band Grade 5-Gamble-YR
Other,Elementary Foreign Language Spanish Grade 4-Davidson-YR
Other,Elementary General Classroom Grade 4-Schwabauer-YR
Other,Elementary General Classroom Grade 5-Auvigne-YR
Math,Elementary Mathematics Grade 5-Auvigne-YR
English,English Language Arts 6 Quarter 1-Mensendiek-Q1
English,English Language Arts 6 Quarter 2-Mensendiek-Q2
English,English Language Arts 6 Quarter 3-Mensendiek-Q3
English,English Language Arts 6 Quarter 4-Mensendiek-Q4
English,English Language Arts 8 Quarter 1-Secrest-Q1
English,English Language Arts 8 Quarter 2-Secrest-Q2
English,English Language Arts 8 Quarter 3-Secrest-Q3
English,English Language Arts 8 Quarter 4-Secrest-Q4
Persistent,Flex Class-Fleer-YR
Persistent,Flex Class-Kennedy-YR
Persistent,Flex Class-Stanfield-YR
Science,Hnrs Biology-Hall-S2
Science,Hnrs Biology-Skakal-S1
Math,Hnrs Geometry-Young-S1
Math,Hnrs Geometry-Young-S2
English,Honors ELA 9 - Fall 2022
Physical Education,Virtual Physical Education 7-Maasen-Q2
Physical Education,Virtual Physical Education 7-Maasen-Q1
Persistent,Intervention 7-Kennedy-YR
Technology,Introduction to Engineering Design-Vodehnal-S1
Technology,Introduction to Engineering Design-Vodehnal-S2
Persistent,Jag Hub 2022-23
Physical Education,Physical Education 6-Long-Q1
Physical Education,Physical Education 6-Long-Q2
Physical Education,Physical Education 8-Rutherford-Q1
Physical Education,Physical Education 8-Rutherford-Q2
Physical Education,Physical Education-Lowe-S1
Physical Education,Physical Education-Lowe-S2
Technology,Pre-Engineering Robotics 7-Shatzer-Q4
Technology,Pre-Engineering & Robotics 7-Shatzer-Q3
Technology,Pre-engineering 6-Shatzer-Q4
Technology,Pre-engineering 8-Shatzer-Q3
Technology,Pre-engineering 8-Shatzer-Q4
Science,Science - Jackson - Q3
Science,Science 6 Quarter 1-Stanfield-Q1
Science,Science 6 Quarter 2-Stanfield-Q2
Science,Science 6 Quarter 3-Stanfield-Q3
Science,Science 6 Quarter 4-Stanfield-Q4
Science,Science 7 Quarter 1-Durick-Q1
Science,Science 7 Quarter 2-Durick-Q2
Science,Science 7: Q3
Science,Science 7: Q4
Science,Science 8 Quarter 1-Jackson-Q1
Science,Science 8 Quarter 2-Jackson-Q2
Science,Science 8 Quarter 4-Jackson-Q4
Social Studies,Social Studies 6 Quarter 1-Stanfield-Q1
Social Studies,Social Studies 6 Quarter 2-Stanfield-Q2
Social Studies,Social Studies 6 Quarter 3-Stanfield-Q3
Social Studies,Social Studies 6 Quarter 4-Stanfield-Q4
Social Studies,Social Studies 7 Q 3-Kennedy
Social Studies,Social Studies 7 Quarter 4-Kennedy-Q4
Social Studies,Social Studies 8 Quarter 1-Modelski-Q1
Social Studies,Social Studies 8 Quarter 3-Modelski-Q3
Language,Spanish 1A-Payne-Q3
Language,Spanish 1A-Payne-Q4
Language,Spanish 1B-Landeras-S2
Language,Spanish 1B-Vater-S1
Language,Spanish 2-Kessens-S1
Language,Spanish 2-Kessens-S2
Language,Spanish 3.0-Horstick-S1
Language,Spanish 3.0-Horstick-S2
Arts,Symphonic Band - 2023
Technology,Technology Explorations 6-Anderson-Q1
Social Studies,VEd Social Studies 7 - Q1
Social Studies,Ved Social Studies 7 Q2
Math,Virtual Advanced Mathematics 7-Mitchem-Q2
English,Virtual ELA - Q1
Arts,VirtualED - 7th Grade Band
Arts,VirtualED Band 7 - Q2
Arts,Theatre 6-Shute-Q3
Language,Elementary Reading Grade 4-Schwabauer-YR
Activity,BVW Esports